,r2_max,MAE_min
0.65,0.09339191553619419,22.577431184119934
0.655,0.11418126225025071,24.338577623389344
0.66,0.1198540112449088,24.021272372873955
0.665,0.037990043616949354,24.552853099915634
0.67,0.09929984351009125,25.304706585026896
0.68,0.14163281439247333,26.706333938322775
0.685,0.10192618869302406,25.23162896109455
0.705,0.1639796052666842,25.139491091004892
0.71,0.08936165339364321,23.861698213575792
0.715,0.0655183155723933,24.228749716783092
0.72,0.07500899768349345,25.687591697305002
0.725,0.0712474471284611,24.91087046406949
0.73,0.09387738805699342,27.055904742922017
0.735,0.09353104950267965,26.888108269193587
0.74,0.10734177626783259,28.139959524405203
0.745,0.1454878981646036,29.087583086306662
0.75,0.16275752777370067,29.227087961584274
0.755,0.19044107945565736,31.469265965874456
0.76,0.2072132216572996,30.539498215354673
0.765,0.24074834110707644,35.989050400421384
0.77,0.2767148238888968,39.59035854243813
0.775,0.34293913440778956,45.371899773393196
0.78,0.34770721588277165,49.557456467607054
0.785,0.397676991206631,48.843875549093916
0.79,0.42710621374311586,57.11192127176644
0.795,0.4359628806239163,62.36551618366086
0.8,0.4734591513716393,73.12388185704779
0.805,0.5037286002722754,81.96943383366936
0.81,0.4977313419179923,88.67472725731285
0.815,0.49407211665666306,98.0474700184335
0.82,0.48569584341309247,102.32664854888193
0.825,0.4732222064246009,110.53762356227203
0.83,0.49855693779875965,115.97398610726643
0.835,0.5185881975437029,121.77115053980474
0.84,0.5227404094220078,129.42609421287185
0.845,0.5358712317314523,135.97461503664022
0.85,0.5461321519974675,141.0727833612696
0.855,0.5402512273362685,146.36545301968638
0.86,0.5407936999276213,146.50677988180286
0.865,0.5517778806961122,152.09178332827463
0.87,0.5451666500886466,158.3790059683648
0.875,0.5386901859065081,163.80777400896474
0.88,0.5534643828081501,163.97317046829323
0.885,0.5677054156225043,163.28041697812185
0.89,0.5667545184073983,161.06941865267424
0.895,0.5594461375445788,168.10563173034748
0.9,0.5512049529238657,178.06394674328854
0.905,0.545446511761275,181.4850368768739
0.91,0.5470164974317724,183.41029098169733
0.915,0.5541952035379124,183.52972736221125
0.92,0.5520468471852049,198.5803746567848
0.925,0.5433306341271791,204.3253264191186
0.93,0.5299682935129064,199.3794723049474
0.935,0.5177705108404886,207.69702913146577
0.94,0.5140358398583662,202.7496728920662
0.945,0.5191733004444539,210.64987374676315
0.95,0.5193689038334002,208.99161363578943
0.955,0.4993056441853656,211.26104890098128
0.96,0.48815168041337786,215.41910024789726
0.965,0.4916314740328017,209.69945219482423
0.97,0.48755443852522673,207.1411186403651
0.975,0.47836265488702245,214.2895038937831
0.98,0.47428454723118907,218.6550226438697
0.985,0.47110128328006207,217.0099528892468
0.99,0.4631455796745447,217.6535427727996
0.995,0.4622188970386495,224.43387187170805
1.0,0.4566005066947011,219.61025636370653
1.005,0.44758647921750805,222.1981461219443
1.01,0.4409515662684409,221.989000046938
1.015,0.43859387552398854,226.313451636514
1.02,0.4436917806862474,236.5945587479524
1.025,0.44976676523351644,235.07685933593856
1.03,0.4516653510082741,235.07065756769023
1.035,0.45169802844608264,233.78272583152722
1.04,0.4444427446279746,235.4241958879591
1.045,0.4444575540231436,234.15035847587674
1.05,0.44476864345056855,235.20874530134802
1.055,0.4439285576022728,233.7220787532782
1.06,0.4411032375095404,235.08172621944064
1.065,0.43006501413086384,232.3065138747157
1.07,0.4606510459221872,230.25412344055493
1.075,0.4606335847523728,233.8239326808794
1.08,0.4558609380713674,233.4462193331614
1.085,0.44689868441747493,229.305376456057
1.09,0.45780825037116357,228.1151506022197
1.095,0.45876400338007806,228.05766409719737
1.1,0.463561317455052,226.1476310675051
1.105,0.47061677898466037,222.81409521595307
1.11,0.4641142180831236,221.27770064114665
1.115,0.47149882750892813,221.94377287503346
1.12,0.46998235103233255,222.20932360103726
1.125,0.45885437040161425,221.5766609200613
1.13,0.45168222715586737,219.0038871105096
1.135,0.4532570267351558,220.0771686318722
1.14,0.4616399484846856,219.36826567001327
1.145,0.46178678827081043,218.00852529515265
1.15,0.4640668727927819,215.91631468011283
1.155,0.45802133572475257,213.13324650746603
1.16,0.449891852188129,214.7597215598274
1.165,0.45302436605806307,211.07918933031436
1.17,0.4438396581578481,208.35333446331592
1.175,0.4617095105734206,206.64702657215386
1.18,0.45608338662781367,204.08442863782238
1.185,0.443907313689764,201.73299507682196
1.19,0.44049247883839393,197.57953249815623
1.195,0.4317291254349246,196.18320831546322
1.2,0.41882331843098775,195.40565984334353
1.205,0.4217723784416183,193.36459325359095
1.21,0.41732249349790607,190.40479250668787
1.215,0.4144271360444006,188.36253352359785
1.22,0.42108847991507525,187.02895951402863
1.225,0.42061653952993383,185.4706190140021
1.23,0.41308749290109836,184.82275218247915
1.235,0.39844479837363256,183.13079421100608
1.24,0.403618769272293,180.52472807159472
1.245,0.4052760714890188,177.95989410759017
1.25,0.40124674797017634,175.06990891724845
1.255,0.39655483825127014,172.05397630519798
1.26,0.40275251737454487,169.73347872027813
1.265,0.4072755723991688,167.71953951871402
1.27,0.4059621980446224,165.33985214635558
1.275,0.4091453937092193,162.55832631906037
1.28,0.4140300807624686,160.27859647746942
1.285,0.41665738217180304,156.73552420551906
1.29,0.4066945627933961,153.8767291634021
1.295,0.4071944120548229,153.20562293605207
1.3,0.40992946756531146,152.12813462056914
1.305,0.4010793697035284,150.23939753822356
1.31,0.3949528249393146,148.22447368957694
1.315,0.39693408938505015,145.64684933263854
1.32,0.40565916346333863,143.15138988332453
1.325,0.4253892637487142,141.99225708756993
1.33,0.411004750048067,140.48837876939632
1.335,0.3888811237858232,138.62219457598547
1.34,0.4057146934920286,136.21393632104605
1.345,0.4243107026919054,134.8208155407249
1.35,0.41183682148749867,134.21456664470801
1.355,0.396148620916434,133.73578593584273
1.36,0.3994284268072932,130.79796229925742
1.365,0.4022148928264899,129.35919242274935
1.37,0.39226833400023864,129.5450370466035
1.375,0.37396165944390725,128.618763640356
1.38,0.36388714069961337,126.4129360451827
1.385,0.373938443235578,124.63886068223262
1.39,0.3777330977208445,124.05723175059212
1.395,0.3828303330020473,122.09393043385839
1.4,0.37216942253909246,122.88194320981272
1.405,0.3631786276249702,121.8339335874802
1.41,0.3544877919977696,119.69534316091602
1.415,0.37097222079219405,117.35236841346223
1.42,0.38023838143442523,116.6791544711329
1.425,0.40268250566252684,115.1714229744742
1.43,0.3937760955603278,113.47083451026052
1.435,0.40009637381829977,110.20532378977917
1.44,0.39640213686810866,111.75184242033485
1.445,0.364887413452993,110.70016656764155
1.45,0.37692784884571195,109.78520584139184
1.455,0.3891077881189885,106.64534982209236
1.46,0.3477158302153639,107.98477569600554
1.465,0.34995262900611257,108.17886549725932
1.47,0.3863982769414861,106.39282693849869
1.475,0.39001950522427964,102.70657640998299
1.48,0.37430088253865923,104.59448453443949
1.485,0.40378993911578387,101.9468575749788
1.49,0.38707053637946687,99.74188353441596
1.495,0.3583074690862431,99.19284863280463
1.5,0.36221803086489857,97.25769770698399
1.505,0.36562110306032625,96.24750323126418
1.51,0.3754252277890683,98.8953690894421
1.515,0.4002485192840082,96.35034997694052
1.52,0.39302561203049735,94.56201433213363
1.525,0.4430440884724116,90.38144804500851
1.53,0.4672429170447686,89.69215242571038
1.535,0.4349912923640912,90.8924969996456
1.54,0.41623956922998073,90.02270394884073
1.545,0.379946959927416,93.62555771979744
1.55,0.33913745631815206,92.94377417500944
1.555,0.3474089190571189,92.62960809295596
1.56,0.3589031411535657,87.98174254501639
1.565,0.4413227343902818,85.10108132477792
1.57,0.3398532184682074,89.9905579265385
1.575,0.3349834213552969,87.26730486227319
1.58,0.3849389299345731,84.36356091892956
1.585,0.3463125141281057,88.08125028502788
1.59,0.3952375462382398,86.57965481954858
1.595,0.4330137421228213,82.42521889575195
1.6,0.40060453023823483,83.39311751892484
1.605,0.4594974556271362,80.81067358331495
1.61,0.4175850540231335,79.88870136425781
1.615,0.3680876526797632,79.06670083325983
1.62,0.3118883977505681,81.85882763236359
1.625,0.4230355182337502,78.72925092508032
1.63,0.33747493563149555,81.59781964655708
1.635,0.35421266344074487,79.305978013727
1.64,0.3582032572667311,81.40360538597797
1.645,0.38455557513725946,79.86205259086756
1.65,0.3761432149027971,77.230112719699
1.655,0.3623422467946288,78.3127907720711
1.66,0.36357087529172716,77.32089125466624
1.665,0.3322276378110204,77.50508290511986
1.67,0.36484972958191975,74.89361742778557
1.675,0.3418123971446647,77.24065519422568
1.68,0.3205898518357395,76.22681693013641
1.685,0.2673400600529725,76.27999462869302
1.69,0.2942055345564438,75.76903857449693
1.695,0.35401084395450355,73.6774458562563
1.7,0.29930640458278146,75.82919118434299
1.705,0.32449548275652906,74.55398138939718
1.71,0.30995196719414564,74.03469072172896
1.715,0.31782045010968696,74.11984869742707
1.72,0.31774392190405476,73.35881429427609
1.725,0.2796584884083214,72.78994458119641
1.73,0.2794584034762364,72.53169905610325
1.735,0.28105406776935704,73.36730631408142
1.74,0.2887605924875021,72.03513297059382
1.745,0.327671401646792,70.19543166985852
1.75,0.3532850360015919,70.07009493266415
1.755,0.3400617464570821,67.16410751153761
1.76,0.3239816821802026,68.0997917107762
1.765,0.28400490509923426,69.0003193025281
1.77,0.3059230570521052,69.93636416133481
1.775,0.2612004698489985,69.22082344797757
1.78,0.27943828242741997,68.79269787353502
1.785,0.2806182413748103,67.83688682387688
1.79,0.28670691180094454,67.22458575186597
1.795,0.29813569640383686,67.29094583799316
1.8,0.28399989751564947,66.53057973556537
1.805,0.27216593178518744,66.42991134647562
1.81,0.27593695503347193,65.94976058059073
1.815,0.29203188800568824,64.98103181195118
1.82,0.24483821094287217,65.69914688881889
1.825,0.29097776028716416,65.09631117444495
1.83,0.3074146447195385,65.08739832700324
1.835,0.28862508561156963,65.71635508374752
1.84,0.26601979337027437,64.12024746330611
1.845,0.24515934176755216,63.357468549411756
1.85,0.23119220446279842,63.39836625702278
1.855,0.2778617497861038,63.04455286819396
1.86,0.2531878016144188,63.06305132970064
1.865,0.2566278830105383,63.05318578726023
1.87,0.2549595423124996,62.72130544751644
1.875,0.24730374773785924,61.59931443316403
1.88,0.26743266618732875,60.386547847430826
1.885,0.24124008452509293,59.88821615531125
1.89,0.2634191286348342,60.028355083493075
1.895,0.29875410065544417,59.818519320945605
1.9,0.27127360574134685,60.250079921347236
1.905,0.2313632319665051,60.70986723294728
1.91,0.2754924347866262,59.7596582009683
1.915,0.2997656424784655,59.1202299718656
1.92,0.2534908972645816,58.94656110260457
1.925,0.24111220240010667,58.8499829543305
1.93,0.2685386733827607,58.3663759422011
1.935,0.2938843237716302,58.60066639797801
1.94,0.29602713657140634,58.55275483726716
1.945,0.2838007020557043,57.91987381653152
1.95,0.2766856413586992,57.49372589327352
1.955,0.25880545937069177,57.36508798550611
1.96,0.24433058214902792,57.567246844411976
1.965,0.24897941608191276,57.36827776367916
1.97,0.240725961431976,56.945038996793166
1.975,0.22564251486028153,56.53907940178351
1.98,0.22614308674057348,55.320878130892034
1.985,0.20932581337066303,54.925096985930836
1.99,0.17973076490309525,55.95109652683368
1.995,0.14453976891572007,55.423952407766535
10.0,0.7102907889882035,212.25598642798676
10.005,0.7055534805283746,211.28297551973495
10.01,0.6951466245295916,211.1634958034879
10.015,0.6913304013247561,209.94515390842733
10.02,0.6936988890321858,207.40486498053363
10.025,0.6938654631266694,204.5571507530859
10.03,0.6921497136415031,201.9980155331172
10.035,0.6914894195062542,199.98157217338513
10.04,0.6950239018360096,197.1603060743134
10.045,0.6972806027328127,193.7449836190841
10.05,0.693351973905435,190.38197204712395
10.055,0.6893950205542966,187.46173639556054
10.06,0.6916270024559863,184.25213821103642
10.065,0.6910198044399329,181.173234696946
10.07,0.6903513791418903,177.00939649120016
10.075,0.6893825368841007,174.0281238026509
10.08,0.6862486091675577,170.6391333641176
10.085,0.6845313094899654,167.17616128932582
10.09,0.6846990635308158,162.6572080434049
10.095,0.690776275312136,155.87286222866607
10.1,0.6902965741162428,153.56500720522587
10.105,0.6909775364677236,150.39492207020746
10.11,0.6948963185276276,147.06704339690646
10.115,0.695304767860176,140.61344171613607
10.12,0.6913160821179738,137.23428048112447
10.125,0.6899962340310177,138.21894377331841
10.13,0.6846378362147152,135.76730624864032
10.135,0.6809499890885814,130.7512954910602
10.14,0.6796254380272972,127.16446087289856
10.145,0.6808848903519333,121.30694968318187
10.15,0.6751021068145976,122.48616962493504
10.155,0.6546157981989805,121.85020716138544
10.16,0.6508275634589172,121.4550746799093
10.165,0.6670479828449833,117.60327613734496
10.17,0.6826431892286094,116.45006728158157
10.175,0.6635158442881571,115.95254021369186
10.18,0.6667654205986737,116.76523897432837
10.185,0.6493308292286641,116.6600653791336
10.19,0.6455055086734092,119.6202096506899
10.195,0.6410114140275882,123.03291188912995
10.2,0.6437361066737972,119.83025696856099
10.205,0.6579442535022864,116.29635986782797
10.21,0.6166705137812558,118.56915077560878
10.215,0.6583098562855234,116.85778581909156
10.22,0.6496651459714481,117.32463900121567
10.225,0.6572018993273031,116.73588392593562
10.23,0.6318468614467314,121.62507224792873
10.235,0.6572634615516353,116.08898857190847
10.24,0.6770297664234618,110.9687630399745
10.245,0.6422122419725718,119.4019448638506
10.25,0.6337067828281542,116.58456963763217
10.255,0.6316917227875418,119.17895806292307
10.26,0.6360733093239834,117.99423857106011
10.265,0.6349095341338997,118.53110304273325
10.27,0.6053227580216705,124.62630365899263
10.275,0.5954429816332638,126.25873947263281
10.28,0.6093431422281774,122.46134384935789
10.285,0.5904003884859685,125.80608317039942
10.29,0.5901611332729582,128.1859268738278
10.295,0.569195984835829,130.616409652328
10.3,0.5873403081683193,126.44601924464483
10.305,0.5666132321819912,135.4262507846898
10.31,0.5850711951562952,134.02599864254663
10.315,0.5599784480812664,137.69952709922407
10.32,0.5633839877334363,140.32124247536254
10.325,0.5620612401859097,141.8592246816294
10.33,0.5308806209253141,145.73079493989133
10.335,0.538906836711219,148.0307876822558
10.34,0.4944321993276388,153.26162361750337
10.345,0.47349469921621423,156.34243733266564
10.35,0.446876427662529,165.75052228816014
10.355,0.4381333921617613,167.44385460208892
10.36,0.41554956358591844,170.06965116704941
10.365,0.4090252947846623,170.70045194198752
10.37,0.39666712519305825,178.452241101392
10.375,0.36776484069679527,182.8007613103558
10.38,0.3595260771832648,187.13819666593164
10.385,0.33622080768682105,189.808204580586
10.39,0.31501695299427124,194.29737534384682
10.395,0.3363095685786237,196.54721752164699
10.4,0.29067051451331805,200.44570114152947
10.405,0.28376542543668093,203.08942893550324
10.41,0.3074290659185077,201.40749925007856
10.415,0.3169684464879725,201.35279232154832
10.42,0.2931046102720867,207.57135685452602
10.425,0.30586838995069954,205.49859426462262
10.43,0.3223018665703401,205.59554446531152
10.435,0.3365075235238537,204.91842380299212
10.44,0.35552697023560964,205.71899240166695
10.445,0.37455332563126975,205.65916957122744
10.45,0.38586950711879264,203.3578627975345
10.455,0.40489259736369987,202.18207768230718
10.46,0.4309578271113046,199.55635802140787
10.465,0.451613402098473,198.84713403669844
10.47,0.4647185076197279,199.03317255192357
10.475,0.48394884260531323,199.2053048926109
10.48,0.49677285543631444,199.89662361422165
10.485,0.543713269909382,195.74282506850687
10.49,0.5214104847611312,198.6590042692091
10.495,0.5436306618070867,194.97583191430672
10.5,0.5682678550879678,197.10641016126212
10.505,0.5890648350703289,195.01785869999892
10.51,0.5827988666015471,198.39118565166373
10.515,0.5985825626424708,194.5911680195796
10.52,0.5965422193595007,198.72009450082402
10.525,0.6029855622622975,197.88090906030664
10.53,0.5904801215562541,201.1764717684854
10.535,0.6329898682892863,199.1042017549983
10.54,0.5888723614834374,206.43415455709743
10.545,0.618322705800336,205.7050853175588
10.55,0.606965557078425,204.44327560990916
10.555,0.6078121979379028,208.68947599902265
10.56,0.6325620898727826,203.54150295217886
10.565,0.6912516357260993,199.9785628526862
10.57,0.6731228602602506,200.84533973011878
10.575,0.6908064998419203,198.7101432267897
10.58,0.6546602225879644,207.07746780207708
10.585,0.6586077416283943,206.58097480164793
10.59,0.6775782826314138,205.87612310802132
10.595,0.6857309855639578,207.17933957277128
10.6,0.6851649876211143,204.96477489941202
10.605,0.6847563802236629,202.18573947693187
10.61,0.7339959295672024,196.9740064418697
10.615,0.672502801795843,206.08752873946645
10.62,0.6963595022092156,204.3758642328425
10.625,0.690758997999535,203.93707937852918
10.63,0.7309817988523057,192.63525737522767
10.635,0.6907512440051533,206.3995965915083
10.64,0.6887019718768106,203.32873140925494
10.645,0.7412008496650964,194.2365476218355
10.65,0.7421204054369472,190.00533944683164
10.655,0.7453702508256004,186.16560523722924
10.66,0.7411361060446948,191.05146146705653
10.665,0.7318316580857512,189.07172730497334
10.67,0.7194271593982938,191.04843770033168
10.675,0.7358516678196664,184.1075493192813
10.68,0.7277560559351308,183.08875845512344
10.685,0.728670399459376,181.75970060006293
10.69,0.7234706881442565,182.02525624755347
10.695,0.7266530559300324,174.18734531966535
10.7,0.7182837567213518,172.0450055255908
10.705,0.7434762182943913,168.69229216734072
10.71,0.7367436538235799,168.75600571597752
10.715,0.7236882025923855,169.9355426929204
10.72,0.7126294764112358,169.37166579316454
10.725,0.7205489635955178,164.13405567139017
10.73,0.7240858752276869,161.58152260749762
10.735,0.7156446039350436,160.42010245254716
10.74,0.7240789640767913,157.13154726282335
10.745,0.6903534211799841,160.17866134253316
10.75,0.7048276490154256,156.38384369571685
10.755,0.7208903188182245,152.08685811011452
10.76,0.702304501371431,153.71221189711753
10.765,0.7324632663019175,143.45196782023237
10.77,0.7026448388728692,147.5127620378693
10.775,0.7048495765380515,144.3630217703786
10.78,0.6820866662162616,147.87098642836975
10.785,0.7013545505969444,143.67401271554345
10.79,0.692708919714298,140.52996673213363
10.795,0.6600253639504897,144.95247426783376
10.8,0.668171682777373,143.715027376225
10.805,0.630664845333879,143.07901173544636
10.81,0.6157010507013666,143.06580687626018
10.815,0.6360314201814665,140.29915381045026
10.82,0.5947234054801074,141.24198218890342
10.825,0.5872557918436663,139.7447303531582
10.83,0.5806995548798353,138.68366271954628
10.835,0.5748429188381008,138.05863106858172
10.84,0.5718751056584467,137.50901860009566
10.845,0.560020933264932,136.37310417115768
10.85,0.5316891662237982,137.58990460186942
10.855,0.5139476784525432,139.21959071599912
10.86,0.5252088191790651,136.47744653532166
10.865,0.5165905123583061,134.62046604353216
10.87,0.5056083627804735,133.23744549512517
10.875,0.4961150127299033,133.57781809599868
10.88,0.48955302074141305,134.43128729208328
10.885,0.48184986048829515,135.76853417671632
10.89,0.4813800666924899,136.6799112890363
10.895,0.46737895248072403,137.02259785247915
10.9,0.4585823720772564,138.6377871970056
10.905,0.45690587835659624,141.63042781561765
10.91,0.4519584101997599,144.4239007483881
10.915,0.4489343493845682,146.5055022969756
10.92,0.44157972594760597,149.56176312548246
10.925,0.4328788031469676,151.18735323858195
10.93,0.42511656701858613,151.571926618814
10.935,0.4050239182118536,149.32430234123925
10.94,0.3821184615436065,146.4010358811442
10.945,0.3725453421753636,145.003918823237
10.95,0.34775998263134844,141.92121179048485
10.955,0.31283065809094945,139.1313508291294
10.96,0.288469435399489,136.61761117015166
10.965,0.2577170016603447,136.83401012535998
10.97,0.23461658089600146,137.30193301015342
10.975,0.2215174816919817,138.677280534664
10.98,0.22217445524591362,141.87703138775092
10.985,0.21950989158215584,147.24768598007972
10.99,0.1887680358684618,152.40897296596452
10.995,0.16674568436012993,157.09579324335107
11.0,0.17928662156409925,159.12968662025835
11.005,0.2158817813395184,157.18101099184648
11.01,0.21898476462134286,152.7093520819335
11.015,0.22039204632795528,146.82820666993186
11.02,0.21625239381130212,139.8357282831557
11.025,0.21479821057825244,132.53239347517922
11.03,0.15169241242112763,126.47024338230156
11.035,0.0757356586410377,123.14837362128657
11.04,0.035122551228238374,120.05923858978838
11.045,-0.0309994482055318,114.61627230224565
11.05,-0.06817144677605347,113.95170591142286
11.055,-0.08620213956897471,112.40472502120585
11.06,-0.09596139581481355,110.45474488976657
11.065,-0.07181544133524809,108.24548311937689
11.07,-0.07044873392193463,107.65620184692384
11.075,-0.03678598366959518,105.6850915454649
11.08,-0.06003193826897801,104.646129956858
11.085,-0.0641388344307352,104.85267435322201
11.09,0.025682412006704958,103.42790593325087
11.095,0.023408001472588258,103.7253429323223
11.1,0.00890927632933236,101.8191946365245
11.105,0.022949755318105614,101.7946917172
11.11,0.026939291658767406,99.58069558417631
11.115,0.013848180461964121,98.94500486082231
11.12,0.01194933992397429,98.42049366695119
11.125,-0.0608413007220423,98.12854491761952
11.13,0.02024277079100356,96.14773795197245
11.135,0.012313669320897058,95.68765701924157
11.14,0.014453234034567775,95.35455470406396
11.145,-0.0016379606332908025,95.1216576061042
11.15,0.010327624690394277,93.51085686894811
11.155,0.044255105468149036,92.92812515186003
11.16,0.026981476297471274,91.67215790120771
11.165,0.017487253990411622,91.24057118721237
11.17,0.03366891548672879,88.32307526598095
11.175,0.03679168139597233,87.93413026757666
11.18,0.03575026326266684,86.87791901584612
11.185,-0.0025847000690866206,85.88466348037473
11.19,0.028808316989678784,84.05083608553157
11.195,0.02435962206163178,82.91981855258523
11.2,0.00791556832011131,82.57204496041089
11.205,0.006843599846336312,82.50660125194455
11.21,0.025367493892245352,78.4791903941843
11.215,0.05082150046134415,77.58712513190014
11.22,0.04941137324949163,75.65037556788211
11.225,0.028085183904371314,74.47431155059716
11.23,0.03429796335083579,73.7343965298175
11.235,0.059419751599654735,73.37936267622308
11.24,0.052330882935947676,69.6309734598058
11.245,0.029107863951916002,68.91967280590538
11.25,0.044108165004031585,69.19654543346293
11.255,0.044514373252887984,69.4702118141418
11.26,0.06909987168133624,68.67268456411296
11.265,0.05934376575941913,66.8405658569786
11.27,0.014681540982392383,65.41458834274673
11.275,0.05064021488865045,66.5910838909196
11.28,0.02275468475287512,64.28092047762416
11.285,0.026357833869697034,62.39612860427561
11.29,0.024974143034127594,62.54733443800222
11.295,0.01832207934340424,61.39519463181007
11.3,0.0070466823351367225,60.52082227169671
11.305,0.030708576650809616,60.026518213211794
11.31,0.033644067852164006,59.3621149883355
11.315,0.031417818423925326,58.607723893733294
11.32,0.02803722541716991,58.11758574989239
11.325,0.018014766960972928,57.63375702771092
11.33,0.018794632902237818,56.98221820602478
11.335,-0.0033536034365009293,56.313169466292365
11.34,0.0010034633594302456,54.575852006988484
11.345,0.03295771881217224,53.342860145098285
11.35,0.02461267655455479,53.535524732720795
11.355,-0.021845025870889545,54.22712662364305
11.36,-0.017432119966100057,53.535938041937165
11.365,-0.002091370898988032,52.77174823080208
11.37,-0.026575525595818883,52.88571389095018
11.375,-0.018710316102122926,52.5643313548251
11.38,-0.02382321027388201,51.977905198638915
11.385,-0.022504911984261522,51.19840315829717
11.39,-0.026960371407172,51.95925914448729
11.395,-0.014644139399735412,51.38604337745875
11.4,-0.005505313122206035,50.29886699060735
11.405,0.003230698998281767,49.75280333544543
11.41,-0.009496369709533825,49.926969855788634
11.415,-0.027521610547435182,49.438632349564536
11.42,-0.013645499208955414,49.37090367376418
11.425,-0.03905364972485281,49.84034594192587
11.43,-0.04948330086687314,49.14168032755864
11.435,-0.017235261463892426,49.17700574410586
11.44,-0.03082265293138331,48.75142622902584
11.445,-0.032464721252754014,48.4887030465842
11.45,-0.019236937843680746,47.76048884061526
11.455,0.0026091609251865933,47.92899430487821
11.46,0.026405941490365792,48.6514472906802
11.465,0.003016830808544757,48.88710653297779
11.47,-0.022393397957826133,49.711450125981706
11.475,0.0021659676564528274,50.76158762173666
11.48,0.023669000834151133,52.41792240071753
11.485,0.036423165209494957,53.64886867601413
11.49,0.054180213931962484,54.6230337549231
11.495,0.054118590008627954,55.495853121256886
11.5,0.031244386593905826,56.1757524794501
11.505,0.03903926127069446,55.03675432502512
11.51,0.06219556055618036,53.49525364341238
11.515,0.04124001131146471,50.320868817233176
11.52,-0.00020512975245412512,50.05130252096459
11.525,-0.01796784142871055,49.66841889371614
11.53,-0.03219572656088254,49.609413912698585
11.535,-0.017402742965377138,48.25968542804172
11.54,-0.009997734541614234,46.55331467657578
11.545,-0.002164431504942055,46.806670912172066
11.55,0.0019259879901869503,46.43613870121499
11.555,-0.006983712623219951,45.757649249168246
11.56,0.05872139752823702,44.31769547980343
11.565,0.04908137831339343,45.07333707102899
11.57,0.004522847645504591,46.10520241422276
11.575,0.057659322061985874,44.706209764613
11.58,0.0036039449292166736,46.165344220309734
11.585,0.044184646306702824,45.38869297724373
11.59,0.058308443465241666,44.34953699612466
11.595,0.02605631797362218,45.3604154322097
11.6,0.011363782657032417,44.32455763613348
11.605,0.057789817490648265,43.93838676191525
11.61,0.10462281850503241,43.503535657727966
11.615,0.058533101158190215,43.7307383300206
11.62,0.07132841789781674,43.779438370756985
11.625,0.07724083487725475,43.7585981109929
11.63,0.058515800179644306,45.1963039359826
11.635,0.036862082323800616,45.051057970755465
11.64,0.11229672445642003,43.07743673391822
11.645,0.055665821925306336,43.84406933705055
11.65,0.15345086288367615,43.00891058520508
11.655,0.08709130315297942,44.596699450742655
11.66,0.07353439054407296,44.14501841989451
11.665,0.05038039423660212,45.09359562959327
11.67,0.12329619440688344,43.28917573502323
11.675,0.08160665895190444,44.918346044876955
11.68,0.11619992808951152,44.79604454955861
11.685,0.13299943982007356,43.45828374788951
11.69,0.10212824125043529,44.90012221556584
11.695,0.10167800803418947,44.99295017480388
11.7,0.0720334865454153,44.09127674263632
11.705,0.07165448946509467,44.38730471230784
11.71,0.08442799747065943,45.1930285337268
11.715,0.06371334073872237,45.28005550203578
11.72,0.05431194061295985,47.557777225272524
11.725,0.03423949822480454,47.37881306183342
11.73,0.03376114607381209,48.425483223131074
11.735,0.04411618660352046,48.76052378773453
11.74,0.021736782955157907,49.15878605836534
11.745,0.022585378896783803,49.16481478781817
11.75,0.009749993604767582,50.58278660831907
11.755,0.015391248138342917,50.017994153954746
11.76,0.02684705509187013,49.07609301215659
11.765,0.04664214014528134,47.320976735858714
11.77,0.048958607916145924,47.46406636926159
11.775,0.03620460945042092,47.223205820806136
11.78,0.05935897031389481,46.4556109973511
11.785,0.05963575833281687,47.459536522286044
11.79,0.10696102667124163,46.02326846359116
11.795,0.14488273127251772,44.97001573072719
11.8,0.17461227652808564,43.83472126203532
11.805,0.1264309159048579,44.51663772288538
11.81,0.18335573183796727,43.53964143073987
11.815,0.16710973704743426,43.476001282739055
11.82,0.18433112481263825,43.09235391496437
11.825,0.16849899179050098,43.38546064371231
11.83,0.13945756858464398,44.1560857015927
11.835,0.1724062303859235,42.960030533962616
11.84,0.2128674886187788,41.77951046420721
11.845,0.1743484335344998,42.75473975724421
11.85,0.21375832410616935,42.438934628273685
11.855,0.21340663767910872,42.30157175804685
11.86,0.2222614750163684,42.24076567739875
11.865,0.2248625434469712,42.19326035769514
11.87,0.2720549443852266,41.276491709599455
11.875,0.20275488317750057,42.43016607444242
11.88,0.21818989279590828,42.93104423470485
11.885,0.21613848806246538,43.22730030846646
11.89,0.2635025989621388,41.200684709982866
11.895,0.22070455108593912,44.060446136401474
11.9,0.201571809194791,44.67547238950482
11.905,0.1929418106220473,44.08652924813062
11.91,0.217118570754527,43.77179505286123
11.915,0.1855845105250855,43.588427355524765
11.92,0.24966230629595565,42.74339850504585
11.925,0.21303099137509784,43.64273098868117
11.93,0.19187132847649202,43.80292751619111
11.935,0.2892660193598766,41.46736549962854
11.94,0.2695948836146662,41.21407024323613
11.945,0.30120713511850994,41.248829990209956
11.95,0.2745661589877857,42.81610888452115
11.955,0.22247161899696788,42.86381352114425
11.96,0.20451279438767944,43.01658160190068
11.965,0.2690946210341736,42.46710857186218
11.97,0.2682246500582507,41.689032503652676
11.975,0.25921931023508304,41.68145086890096
11.98,0.21767235124721207,42.566991201060866
11.985,0.26099338813325157,42.659147187175904
11.99,0.18213049803800263,44.342150362537645
11.995,0.15475715643108423,45.79434956705542
12.0,0.15934538419417354,44.04974141267634
12.005,0.1906439762397305,44.09838999203421
12.01,0.14905502550048322,45.13073710531288
12.015,0.2166532225677189,42.97558116006156
12.02,0.20064270159469322,44.51037545601243
12.025,0.17302876281918123,45.32331921017816
12.03,0.24581038115423093,43.783924953409254
12.035,0.21910176478464194,45.430753059712714
12.04,0.26433128749064294,44.05135372490188
12.045,0.19736042011941612,45.892690031061335
12.05,0.257520502675639,44.808160390365344
12.055,0.26938824595545074,43.84487376729688
12.06,0.22917037549009267,45.93176830841523
12.065,0.18122037094570664,46.21032011975989
12.07,0.16818892262164675,46.693916942498674
12.075,0.21919820545308044,45.29162934569199
12.08,0.2717299227330736,45.13438406519895
12.085,0.29866177128985294,43.965733654382255
12.09,0.28988253091563154,44.327569737859626
12.095,0.272517625769796,45.52809055467192
12.1,0.3001081551375314,45.074111733143205
12.105,0.3474133939187247,43.64214704736802
12.11,0.3380594681623136,44.20804636527617
12.115,0.32270268709890815,45.27431951574404
12.12,0.34726391998741835,44.52972453375737
12.125,0.35851832630784464,43.287502141247806
12.13,0.3584205607996802,43.928077311072066
12.135,0.3842415855560356,43.654997694936725
12.14,0.38592307555324223,43.647494092143106
12.145,0.38348351360771027,43.676183640496866
12.15,0.39049765972147943,44.75118771651051
12.155,0.35130632618988944,46.498929362809356
12.16,0.33855964525067306,47.19814336888738
12.165,0.3726801854699273,46.03113461689889
12.17,0.3790271743522944,46.52685418384108
12.175,0.3574580304683276,48.17243925811486
12.18,0.3703444181375787,48.16711748810645
12.185,0.3434806948133996,49.29332021120534
12.19,0.2890695496345116,52.2249014743986
12.195,0.31807557967444156,52.78828017127846
12.2,0.30019329465006594,55.75406598948976
12.205,0.24290058105587709,59.31349912878968
12.21,0.23767579162197694,62.82150561947709
12.215,0.20506717105979722,66.47206750187182
12.22,0.25350345784455164,67.13987909603124
12.225,0.3334375965530211,67.91462175265814
12.23,0.378496880489133,69.66799716550368
12.235,0.4215029148711762,69.41180541117173
12.24,0.4540017278381022,67.37291123508746
12.245,0.46762030448055014,68.95751071363357
12.25,0.5206709362575503,65.98870797620786
12.255,0.51586651260987,65.51999523140296
12.26,0.49260007593522537,66.42645182774389
12.265,0.5332583561041548,63.02092253374365
12.27,0.5340419841551918,60.53929882464328
12.275,0.5601879156349874,57.65015619585168
12.28,0.5315806646347736,57.453134524993075
12.285,0.519654480656337,56.40371035198354
12.29,0.5352319420328981,55.76439273551721
12.295,0.5700328397279117,55.76801723975404
12.3,0.557255386670859,57.539005965094766
12.305,0.5775222653808284,56.78775138614657
12.31,0.5973604502779373,55.79092414002457
12.315,0.598009624434029,55.5356180019929
12.32,0.6163777278969214,56.01434345835668
12.325,0.6455510601191162,54.936078775724226
12.33,0.6336317355089118,55.118961865776676
12.335,0.6330027874471689,56.74522589544578
12.34,0.6796604561519429,54.60636832817747
12.345,0.6716198246434819,57.95453241520436
12.35,0.685496545704887,58.96411405139625
12.355,0.6747009227670123,59.84574176118678
12.36,0.6955876964387512,58.0162018363529
12.365,0.7235185176128871,57.13615230131539
12.37,0.7305663336661137,58.769301292875944
12.375,0.7104519442866215,62.02803655646563
12.38,0.7423139917486926,60.14678404979778
12.385,0.768437494975467,58.28849535293169
12.39,0.7432032598027123,60.90281107217112
12.395,0.756297475896438,60.95853264809806
12.4,0.7652332591278215,62.14853860337566
12.405,0.7574260946589872,63.223461146620366
12.41,0.7625862017997461,64.44343497657037
12.415,0.780365511505133,64.08213535800878
12.42,0.7697341697569167,65.98377038650611
12.425,0.77699343154442,67.1470189000059
12.43,0.779670990449551,69.11118122173063
12.435,0.7759472436663899,72.54490745237682
12.44,0.7840386052394421,72.46321593446793
12.445,0.7957571018227275,72.05191352012812
12.45,0.8053336487518031,71.65069220663601
12.455,0.784614184157019,74.8622759754461
12.46,0.787423701260099,75.55662966236626
12.465,0.7793221001128111,77.44340427038412
12.47,0.7790867883775773,78.96624577844348
12.475,0.7750871552044131,79.58069747917743
12.48,0.76233036925431,82.31634721538256
12.485,0.7578392202371443,81.64513948865292
12.49,0.758802979036638,84.01630170381533
12.495,0.7666838353492464,82.49588526261061
12.5,0.7588094578826621,83.23921294093932
12.505,0.7734995118529443,82.09750784157391
12.51,0.7552996639316123,82.90577221826953
12.515,0.7383238307536069,82.59991741022448
12.52,0.7619290609756986,80.90965415298275
12.525,0.7436251226321353,82.80981155919326
12.53,0.7477454087904665,79.2387789436063
12.535,0.7474024067177122,77.63166178745898
12.54,0.7588730994602025,75.90603463949073
12.545,0.751485424034814,76.27344720676285
12.55,0.7509831176820906,74.93409379231582
12.555,0.7386653563195071,73.91629938088681
12.56,0.7469896080097849,73.79922539340143
12.565,0.7216208800058981,74.11296410245257
12.57,0.7232789954608017,72.52184106765304
12.575,0.7335862290483974,70.62091025059748
12.58,0.727038291658248,67.1757933238415
12.585,0.7037922758392694,69.48670691782698
12.59,0.7081961813456247,68.45469899542664
12.595,0.6763663635455139,69.68812973663373
12.6,0.6665870236619964,68.92520924412958
12.605,0.650056864341493,68.98960239850994
12.61,0.6593008286951114,67.92654051133495
12.615,0.6548178021244717,67.57815534131618
12.62,0.6301482640665765,66.300543355206
12.625,0.592829585913591,68.23710060678762
12.63,0.570046969079653,68.7433520662015
12.635,0.5556449160083764,67.53645286121574
12.64,0.5458749111059756,67.46687180137468
12.645,0.5694951015827717,66.72191921151165
12.65,0.5158396642625636,68.04395912755328
12.655,0.502350768604404,67.82926715140056
12.66,0.46816981690589665,67.24175383227637
12.665,0.4379241445977051,69.88474317743899
12.67,0.4128994274750396,68.6679576496375
12.675,0.42560140491231446,69.94798002932801
12.68,0.41876219134150483,69.61994008171017
12.685,0.42161771039467133,67.39451313865057
12.69,0.3954036905669378,69.28339158952876
12.695,0.39301432720175233,69.0545577529664
12.7,0.3870297372485937,65.3864056510754
12.705,0.379063380078012,64.77235376379242
12.71,0.37572963625308486,66.75318181384064
12.715,0.3680592922645275,67.45328286949517
12.72,0.3807382595402635,65.96625962131623
12.725,0.3733049857728481,67.65789397336786
12.73,0.34812986141978297,68.56440501901199
12.735,0.3620613592020411,66.33228770563082
12.74,0.3667966067872408,66.70582399896206
12.745,0.371702283437369,67.69529911170915
12.75,0.38109827132612273,66.85942571672332
12.755,0.388742535190591,65.87971087322852
12.76,0.38720263833494206,65.69082933830741
12.765,0.37550929199191807,66.55781411419481
12.77,0.3831181321856545,67.11164366438773
12.775,0.38538344444897865,66.9676446284886
12.78,0.3821515515354008,67.4998872379658
12.785,0.39578874671874464,66.97744743192936
12.79,0.40246866151155747,65.4083318859627
12.795,0.39368082912883096,64.57050954199218
12.8,0.4205636389113614,66.06172493871789
12.805,0.43537206317322974,65.94900444944506
12.81,0.4433399449281453,66.32454616917057
12.815,0.47488116557433335,64.48583509259169
12.82,0.45301447455947996,65.61927036424431
12.825,0.4460629422383984,66.60065467886761
12.83,0.4459808193281194,66.3786985227924
12.835,0.4432939349480468,66.31696670889333
12.84,0.43863064566310683,66.85165545044946
12.845,0.43044847353502536,67.15943751334981
12.85,0.4173586429856424,66.90574131423261
12.855,0.3895944934380323,67.73843044845482
12.86,0.3607304173115937,68.09687110972416
12.865,0.35636354489565314,68.57793779061234
12.87,0.33675831760494723,69.48919992183431
12.875,0.3286814148959333,69.88083376100617
12.88,0.3066111201265854,70.81995470432601
12.885,0.27691656330189085,71.83039638017539
12.89,0.2509487877422697,73.0790350097621
12.895,0.23627331674476193,74.16512884435465
12.9,0.23580038285451355,74.59663164021902
12.905,0.21061328631268483,76.45038007975732
12.91,0.17632273758986428,78.57098557216288
12.915,0.15247016685391512,79.86551870742481
12.92,0.11576410975329365,81.69388144498907
12.925,0.08348587759683579,82.97330645633487
12.93,0.06959006340481189,83.79472747658868
12.935,0.04860927758751887,85.37787274245026
12.94,0.028034015667988244,86.32714072934756
12.945,0.01665213770315077,87.06282471426364
12.95,0.010494434703552713,88.04229440598502
12.955,0.0018988080261754803,88.35153042998469
12.96,-0.006107327737079116,88.26103168958701
12.965,0.0008664461880248941,89.83933452571965
12.97,-0.0073843590194517805,90.50414488401141
12.975,-0.022412244562449946,87.79970583186586
12.98,-0.031084345473276986,88.43051634994015
12.985,-0.01814688436365941,87.8656475733682
12.99,-0.0033049766541490833,91.039377725638
12.995,0.04627873027966001,89.15563656901138
13.0,0.01286587297352959,89.01660272433288
13.005,-0.0039050368030626448,88.75176635078668
13.01,-0.0028534491974545606,87.77367871229187
13.015,-0.03166432481942305,88.47414888412364
13.02,-0.08068767587982095,89.9927536776521
13.025,-0.12386025152790525,89.95317834489504
13.03,-0.2569816396310316,91.20674992000063
13.035,-0.27517511027306174,91.04890975220513
13.04,-0.29698034401063933,88.0419291818769
13.045,-0.3010013065695025,88.63559469638356
13.05,-0.3131216190129582,85.44427015445439
13.055,-0.31041103406332327,84.60971542228452
13.06,-0.3176846554561248,84.0429939516444
13.065,-0.3163318508427826,81.13261826862558
13.07,-0.29469229663676666,82.07516982077833
13.075,-0.27582265843757514,79.31867017753748
13.08,-0.2550797404278997,74.96029208144847
13.085,-0.2726691228163127,74.97436084077306
13.09,-0.13875290208251978,68.39404719869897
13.095,-0.18000235207300586,69.13700394676945
13.1,-0.1811356739477552,66.14211850174048
13.105,-0.20251942145986956,68.75408553161621
13.11,-0.12946364328241566,64.97823821645822
13.115,-0.04038230824524747,62.05791588592333
13.12,-0.1889215425157469,65.7396878590836
13.125,-0.13177951506406882,60.754769516396806
13.13,-0.1756756450126209,62.5182075782195
13.135,-0.18084894917113936,63.31586330741242
13.14,-0.13300060392688073,59.904968447738156
13.145,-0.16385768609106965,59.988627936562814
13.15,-0.16786860287396,60.73687173655399
13.155,-0.11494309741200781,58.65998716008132
13.16,-0.16026361862992422,59.767268162117915
13.165,-0.11311162671161057,58.177599848693426
13.17,-0.15857614402190578,58.2081195330391
13.175,-0.12028611709426906,55.793446507358176
13.18,-0.1776823444588751,55.46855545420001
13.185,-0.1351167391878152,55.960390726532424
13.19,-0.13064504002734156,54.10395817270192
13.195,-0.15432950979484827,53.10375967487557
13.2,-0.17669374203912125,55.37613781496101
13.205,-0.14246828676966983,55.15794343187689
13.21,-0.13100555187008078,54.651555037014866
13.215,-0.10425942274380895,52.78529540139579
13.22,-0.0984863791103745,51.507651408136184
13.225,-0.16948472937459957,52.48120296507951
13.23,-0.11220237638705233,52.462015714748055
13.235,-0.01893074895855218,50.19219659809515
13.24,-0.09370708651597859,50.70939755642799
13.245,-0.12308307053258716,52.49439922883739
13.25,-0.04854176346936123,50.93551189198573
13.255,-0.10190632999024185,50.52886364721366
13.26,-0.0861408902183094,51.58532304397014
13.265,-0.08807476713476126,52.04179533319375
13.27,-0.14363969547446853,51.76868666826889
13.275,-0.13001437877154842,50.558081372196405
13.28,-0.07711485043642008,50.77106424266695
13.285,-0.07523367456086971,51.00407026923701
13.29,-0.07285385915541398,50.66743867544539
13.295,-0.08341755723042965,51.29637446399479
13.3,-0.05048440629713835,51.34611299261694
13.305,-0.05775302901458623,52.6376531975981
13.31,-0.030312060951996678,52.30835225105384
13.315,-0.01967588272775611,51.07187946665924
13.32,-0.01889036307977321,50.18819033667947
13.325,-0.04218266400391535,51.34796239976891
13.33,-0.07636753433409105,51.990164273397774
13.335,-0.061737516154974914,52.1273468507504
13.34,-0.006009842266152976,49.71638682449136
13.345,0.02179830852496678,48.24296234499216
13.35,0.003981532970906643,48.34109026471236
13.355,-0.011375981978034577,48.933515044612186
13.36,-0.0073020340748359835,49.58790534357085
13.365,-0.0017497312162069178,49.179710415989334
13.37,0.014467989124307579,48.84817722979076
13.375,0.05136732027020374,48.348451814396334
13.38,-0.0032758000576544877,49.785546341281666
13.385,0.04430854151768626,48.6863133511006
13.39,0.07694189596333201,49.14908648482865
13.395,0.08448464340522688,48.758482532289676
13.4,0.1307687744634749,48.67541338980596
13.405,0.0860025019412144,49.640293413279636
13.41,0.020597365250405675,50.041288831679886
13.415,0.10974135337045743,49.02060427712803
13.42,0.16442490616281047,48.276164599794555
13.425,0.14585010400568954,48.02739532535733
13.43,0.19438375627016113,47.175781972768135
13.435,0.19650651831652333,46.793895049789455
13.44,0.18588980539519984,46.96088145293466
13.445,0.22549844584967726,46.6591107040627
13.45,0.20516513581572515,47.32731163533141
13.455,0.16298633227843562,46.790860711536034
13.46,0.22312200634474788,46.31657208637481
13.465,0.28190287535044334,46.83058474875252
13.47,0.2093956462923141,48.625919389856605
13.475,0.16790807018623677,50.34018804896595
13.48,0.20954882026599708,49.675308320097045
13.485,0.14415385950837956,52.33549738095795
13.49,0.18006172640032037,50.378090115357594
13.495,0.1740237802624397,51.03740120930727
13.5,0.15539196576907333,51.01565872813885
13.505,0.1843602902568171,52.600181513298146
13.51,0.18009846012729658,53.449757715854126
13.515,0.1773094581371294,54.88449232118481
13.52,0.1515382034404159,56.08046317269405
13.525,0.09803645944768558,59.176502782353495
13.53,0.08019266602109354,59.71567197930249
13.535,0.0864006325762966,61.51934491133881
13.54,0.11476384485754632,62.399125175227915
13.545,0.11018769005128926,64.19841760640313
13.55,0.10171487554078595,67.17441284615086
13.555,0.05938816748822073,70.01720306407708
13.56,0.040598687494598384,71.25683126871866
13.565,0.042689782336219784,73.1747878792624
13.57,0.02630938187087495,75.88377668798874
13.575,0.02748295194230399,77.65159024453864
13.58,0.022621907721496637,78.58246653008032
13.585,0.013719252671306248,80.13172425465106
13.59,0.02046311233834075,80.8422227444858
13.595,0.02030689046065348,80.73628206899772
13.6,0.0276695625183927,80.4984514549015
13.605,-0.04772916239002578,83.30460870096373
13.61,-0.03715123559842892,81.71285553508781
13.615,-0.02170840090863768,80.18164322478476
13.62,-0.008266512764434353,79.71604741671582
13.625,-0.00028073406271733603,78.62077109587776
13.63,0.014182098351176009,76.87866598623563
13.635,0.027947294281968516,74.5329130819623
13.64,0.05521059891363356,72.9495977734219
13.645,0.08591934691105774,72.09721322516918
13.65,0.12430664067568697,66.90170076528999
13.655,0.10994696459692144,67.51309872936629
13.66,0.1341430314570935,67.59643981485897
13.665,0.19136838051356542,66.94133346310326
13.67,0.21963589101190018,64.78541071986044
13.675,0.242456888358221,66.28367732300296
13.68,0.2649173665532162,62.93014329292937
13.685,0.288753021979826,60.7729444440603
13.69,0.29605505865531256,61.026811454306326
13.695,0.3027400239576593,60.46482283798513
13.7,0.31755052109993287,58.291258554986776
13.705,0.3246500019187556,58.56715330862929
13.71,0.3351960225731402,58.510318393074286
13.715,0.34666111252021936,59.39598335142884
13.72,0.3422066723061127,60.34268020580267
13.725,0.3373963190024516,59.117104221703315
13.73,0.3544100718097283,59.534737391129035
13.735,0.35075844970492387,61.0297152132844
13.74,0.34250597080263057,58.735337518279046
13.745,0.3563413602729728,55.17952881890278
13.75,0.3432043008854446,57.95071367390688
13.755,0.32681620175753434,58.937093965166646
13.76,0.3201674838625329,60.821964612737844
13.765,0.2902946656304193,56.33252292841167
13.77,0.2815490628481777,58.81055202095671
13.775,0.29198354780812563,58.91975042215064
13.78,0.2965645603511713,55.454902398114605
13.785,0.3600502521137037,53.19026860896942
13.79,0.2506631757096559,58.88111256109028
13.795,0.25310626127837843,57.93998485666201
13.8,0.26372118398719113,59.93991849518275
13.805,0.2802156435308033,59.734234830891054
13.81,0.24816287845056206,56.04326673006804
13.815,0.19958448745539625,58.5139710341915
13.82,0.21676054854157978,57.15074471053325
13.825,0.1918223053293091,58.15293724759467
13.83,0.20210699775836283,58.61478092935058
13.835,0.16993343077317946,58.202636314723605
13.84,0.17809299073696605,58.20157031674943
13.845,0.1882918295760767,59.35387732634831
13.85,0.1971738914534189,60.05428790967432
13.855,0.20188249834904914,59.0746359905378
13.86,0.201962400350156,59.610426311035155
13.865,0.2040806925242976,57.49256331234249
13.87,0.177579825774678,58.96334900798576
13.875,0.20055845964878682,60.08883497864366
13.88,0.15961556266020682,57.57719758883568
13.885,0.18333131299717964,59.015844567619986
13.89,0.14336144300820186,57.845819132076215
13.895,0.23383415917213013,57.79138522312254
13.9,0.16597070021432936,59.06132865990703
13.905,0.19476382861616537,59.10005551284238
13.91,0.1993257619338954,59.711591368186056
13.915,0.15892176695524196,58.10678483029076
13.92,0.11030987244820689,62.019089875685175
13.925,0.15582456647179976,60.6758261825377
13.93,0.17715030124352216,60.94437374988896
13.935,0.18296071315388374,59.61598951874164
13.94,0.21856942601024987,60.068307890389455
13.945,0.2322546826495423,60.847714478080384
13.95,0.28267952720532585,57.94741380094148
13.955,0.10922357431126828,64.02585097857242
13.96,0.18410661681584473,62.03372671933293
13.965,0.1992371164226283,62.64361608804416
13.97,0.16577932751184732,63.59584930830482
13.975,0.1842063486994081,67.8175086762662
13.98,0.15520684049803823,71.77014970510736
13.985,0.1323599088664399,71.8304469529667
13.99,0.181595808351803,74.30227818380678
13.995,0.12518108779044823,77.88653730886027
14.0,0.19939596024964756,79.08120825143901
14.005,0.16648463559407856,82.7573609929127
14.01,0.19147715119326225,86.05505279019319
14.015,0.1695268070313931,87.7430167738534
14.02,0.21121771288385238,87.27925543053456
14.025,0.1638630845329413,88.49198319104552
14.03,0.21277246085974988,82.8054485998552
14.035,0.21343178456438783,81.2494176691224
14.04,0.1817363841126165,78.42757341697406
14.045,0.10642737732272378,76.3567239564124
14.05,0.09878529648919687,76.61017526509987
14.055,0.11763987940879539,72.62557445933089
14.06,0.12057707616145419,69.01829829478011
14.065,0.10291039039527061,69.56273002517119
14.07,0.12931949997550496,70.84340596860038
14.075,0.1180910108566553,70.0489006271894
14.08,0.09715071090717053,71.6512708502158
14.085,0.14201134326346865,76.0765712858969
14.09,0.06925029065631239,78.22691471091386
14.095,0.0607952743290916,79.08579894876985
14.1,0.08494797758508321,81.84587235405115
14.105,0.07946185530625183,82.7827945465521
14.11,0.0862969818413204,82.4317648443249
14.115,0.07517388374453249,83.39805515122544
14.12,0.07116615212402666,81.48948071243385
14.125,0.10069068901174927,81.88595371406407
14.13,0.1529287449165625,83.70537578286448
14.135,0.1266721259422079,82.38691335581039
14.14,0.1955473097598337,82.50309903110742
14.145,0.21180738154000212,83.24222554320146
14.15,0.2689436848329212,84.97932092899248
14.155,0.1601365211083431,85.76054654917465
14.16,0.14113423545338444,86.03043613774257
14.165,0.23275859292710133,84.54469762707126
14.17,0.16376643105925603,87.42968624570784
14.175,0.2111071488389179,93.29999491328282
14.18,0.2029437498139831,96.5984111983936
14.185,0.12264727118788576,98.15423137879313
14.19,0.1430470387469881,97.2132021944777
14.195,0.09598727913008742,95.31547494421781
14.2,0.1906658078433605,89.56504760149076
14.205,0.11968216475064475,89.564781699976
14.21,0.16971671771893848,87.86750583528334
14.215,0.09675666089230128,85.54144347101027
14.22,0.13980327044044172,78.79898443774415
14.225,0.10274367482798719,78.89108070599146
14.23,0.16726305762973503,76.44200978929877
14.235,0.1557775021212866,72.59822341236139
14.24,0.09809066360098961,71.2897394967238
14.245,0.1460512397192938,73.12843815937327
14.25,0.13656395242169905,71.34557364452338
14.255,0.22491323156354115,68.39707836034152
14.26,0.23293907430489813,66.1653013606437
14.265,0.2169608375254981,66.54901407751859
14.27,0.245431511346615,63.72625898556421
14.275,0.18546321569036994,63.26876925582
14.28,0.1727985857348312,63.53759477883222
14.285,0.1924559619875682,62.902736290070564
14.29,0.22060916273831044,61.87824087705551
14.295,0.1767292445777514,62.898067371053294
14.3,0.18862370195515543,62.18679011456659
14.305,0.1811087162081536,62.30119703919038
14.31,0.17898835660046564,62.50648767426128
14.315,0.21457671194291816,62.37081557835339
14.32,0.20570227324144874,61.97337918147569
14.325,0.22978543124215967,62.16713710348412
14.33,0.27418741171094807,58.37362712679787
14.335,0.29241917920953386,56.83453979288212
14.34,0.31432302331092776,56.613998018342045
14.345,0.30344940571759904,57.82631457380135
14.35,0.3492435119870554,56.15873326158509
14.355,0.3571966275763313,55.51772664920902
14.36,0.3492877010630423,57.6300594554719
14.365,0.38143012260608056,55.54425491622433
14.37,0.4108651972909094,55.12157586662834
14.375,0.3734219396164624,58.218180530509706
14.38,0.36250117662243697,58.53444575734785
14.385,0.39634461130319243,59.968332951393
14.39,0.3848982610306927,59.63354155669421
14.395,0.40273934338583106,59.65203473440262
14.4,0.42956573392668307,58.74772296771043
14.405,0.40786045097391566,62.6485797878702
14.41,0.4487339492795177,61.02777444773028
14.415,0.42341546808506014,63.97565488287838
14.42,0.4368323831900388,65.90296208761983
14.425,0.4389522058765831,66.96268662692333
14.43,0.46660963598720173,67.75401099385604
14.435,0.4819511840440873,68.4815069089828
14.44,0.4831093861663116,70.44469983887153
14.445,0.4881042960680878,71.46832600986006
14.45,0.5126078732049886,71.65158137318898
14.455,0.5219053886785321,72.39468389443674
14.46,0.5126258035683868,74.44598522162993
14.465,0.5218068731273571,75.18410770277538
14.47,0.5485639886937222,76.9757977057203
14.475,0.549677279414011,78.48091819065807
14.48,0.5349636691035734,80.3680866311813
14.485,0.549223461104201,82.10554581005594
14.49,0.5535256826895204,82.98720436594105
14.495,0.5595627439630397,83.2721385589768
14.5,0.5756742232915143,84.34831799455696
14.505,0.5659257945800973,85.12376207632938
14.51,0.5619015780386558,86.27188648368139
14.515,0.5576349958244265,88.01231216939932
14.52,0.5480977673642953,88.8308986163694
14.525,0.5324484447232487,90.37749922616597
14.53,0.5455855826046282,91.26722132134839
14.535,0.5504854430535888,92.21116255859882
14.54,0.5463463132736179,93.99458071972082
14.545,0.5414162279310751,95.50794615003267
14.55,0.5329134209540921,96.81469350993835
14.555,0.5292901282604876,99.5716154456166
14.56,0.5215209457256126,99.91551689768083
14.565,0.5149625069874619,101.55692928604637
14.57,0.5179494172807723,103.13523184224805
14.575,0.5160347605256024,99.46327200917622
14.58,0.5147888296897218,102.48375931208204
14.585,0.5059247331799397,105.63187454090108
14.59,0.5096494552080363,103.62313127587396
14.595,0.5112898686777709,107.32181169546624
14.6,0.5187330520491893,106.9574837848116
14.605,0.5280803990264388,108.90455839781886
14.61,0.5453907106734273,105.94286879380941
14.615,0.5510793771946103,106.12642413430477
14.62,0.5408280102163636,103.48222086351277
14.625,0.5396689850513305,102.66778170105816
14.63,0.5616383648510807,102.60710507134064
14.635,0.5370588682875541,105.4469725064908
14.64,0.5249548559652875,103.9622009404902
14.645,0.5206412439957195,99.9919509293646
14.65,0.529964006694605,98.13888767459204
14.655,0.5053565163090525,100.6663906464203
14.66,0.49617207034064204,101.06159052581548
14.665,0.4762559901380694,101.75192648601477
14.67,0.46582022914609345,102.54962263319081
14.675,0.4387177077753217,99.6622173931828
14.68,0.4311806012629241,98.53935808812943
14.685,0.42082210591541236,95.53225459080379
14.69,0.36193692849646253,97.23022280590821
14.695,0.2867674352667273,97.5570317426364
14.7,0.2617978243643154,102.69946107231975
14.705,0.23113791994051947,104.0317930477413
14.71,0.2021728750404903,106.82606762226058
14.715,0.17092261239459317,105.2656307834437
14.72,0.15549384636804442,108.60301165196202
14.725,0.13986217080012442,103.17447447708498
14.73,0.11597991324650692,107.65257742918347
14.735,0.1066857009126736,106.58762336219647
14.74,0.10754258149153118,103.81174559898375
14.745,0.1120731179182416,107.94250390583768
14.75,0.11241468851163261,106.60194697524905
14.755,0.1303260640097058,103.54911938075338
14.76,0.1411055037901886,98.97513251491337
14.765,0.14590938479589555,106.55038521068937
14.77,0.18129175327084857,101.68857524706361
14.775,0.2096544501451293,106.692873272449
14.78,0.22220997276237364,101.21466486068255
14.785,0.24685708039849164,100.5195531437442
14.79,0.27059873057061723,104.08176923905151
14.795,0.2904656552780792,99.37008097565595
14.8,0.3138288762141651,98.6285980159471
14.805,0.3450671613041869,98.54096372471545
14.81,0.35627824001677233,100.86969520671639
14.815,0.377081006368823,99.31053259417664
14.82,0.40491476463280285,103.09327721200312
14.825,0.43260982130331704,102.54925255708443
14.83,0.4433800119904594,102.76180237163105
14.835,0.4551971538395906,101.92491215816831
14.84,0.4709612450933728,104.06333022781013
14.845,0.4873361435468284,102.51594464668653
14.85,0.5000702281122485,106.2056806072736
14.855,0.5049639164849964,102.73383655092124
14.86,0.5171066140753018,105.50174892824518
14.865,0.52342622252438,106.4710247425401
14.87,0.535228535410824,107.70684366371741
14.875,0.5473785439916997,107.64978353286527
14.88,0.5528377096943504,109.86104663778582
14.885,0.5676753170917669,111.0838094118605
14.89,0.5679854969528811,113.91051326770413
14.895,0.5832103022378645,114.2528498992323
14.9,0.573101279512431,118.57923514650167
14.905,0.5648569056411067,118.94845864105028
14.91,0.5653916673773838,123.7886123605669
14.915,0.5800589301972383,126.71176213459532
14.92,0.5743819113339343,129.62662926884613
14.925,0.585681681410059,130.90925117847448
14.93,0.574892182064358,136.6459140216777
14.935,0.6074158168341585,133.36983178088937
14.94,0.580715846912365,139.4581234032229
14.945,0.5817588415004367,142.01149823581554
14.95,0.5864977554486943,147.13802997538673
14.955,0.6009090750379269,145.66995811636357
14.96,0.5974925872181579,149.37474820578691
14.965,0.6339047983416353,149.70858464715354
14.97,0.6157997459809728,155.84843727980345
14.975,0.6170834875283628,156.74283256846175
14.98,0.6117107127832123,166.3958582581275
14.985,0.5925714419460518,167.88228375322896
14.99,0.6047178030791707,167.2573976434208
14.995,0.6327692986553044,162.01158327129536
15.0,0.6149875334852792,166.1111292185846
15.005,0.6383279054831263,167.38327339845327
15.01,0.6605045952601398,165.5772954327762
15.015,0.6490006359898002,167.21454174356333
15.02,0.6727943055159553,164.86683144660785
15.025,0.6989899251693417,162.56493751764626
15.03,0.6927122899414184,162.32040812418094
15.035,0.7222474945243123,156.25303535834058
15.04,0.7449791324794324,154.9406734770741
15.045,0.7403848251985965,158.42152814488804
15.05,0.7408808097741565,158.05769882082706
15.055,0.7840842993910523,144.26520736691856
15.06,0.8025733026807784,139.90132323147643
15.065,0.7792507373133619,149.40657439154486
15.07,0.7896805391923308,142.20634524695268
15.075,0.8164709832045042,131.7720829938434
15.08,0.8141277894949299,132.96095572447402
15.085,0.8404612169914882,127.9010251446916
15.09,0.8440826273413545,124.95564909101837
15.095,0.8537163786764042,121.10755165177528
15.1,0.8465268105857449,121.40792803868838
15.105,0.8564952118230426,119.3920600271795
15.11,0.8670472873956228,113.82653684739712
15.115,0.855561332544238,117.73848487870025
15.12,0.8469551598551148,117.97277500448345
15.125,0.8426875308970195,113.75059175220497
15.13,0.8497828985999692,113.95783738304544
15.135,0.8435832347705143,112.19774693429675
15.14,0.8470947859077486,109.56140541537947
15.145,0.8270981864556567,111.05991225636592
15.15,0.8343996905222046,108.74589410164518
15.155,0.8160292451809437,108.62306014712391
15.16,0.8133909109900317,108.50918536622369
15.165,0.8074734448643847,108.59045983614816
15.17,0.791942076501995,110.28599621836017
15.175,0.822575445249174,105.38633239180554
15.18,0.8117599461226017,105.9091728895638
15.185,0.7708563443119667,113.65864021158139
15.19,0.7869090588551579,110.68912808839045
15.195,0.7867677620777732,107.72787580937745
15.2,0.7788011775186261,108.17165943020507
15.205,0.7952861474735515,106.8843914231135
15.21,0.7852776493645077,104.99353233121124
15.215,0.7763749797138404,104.10580255560342
15.22,0.7757460394597718,105.73192548675269
15.225,0.7845249681088573,101.48564811197257
15.23,0.7923351001861249,96.51845336877535
15.235,0.7656444950372464,100.1698200779176
15.24,0.767286828358952,95.74322631762865
15.245,0.7395848432514629,99.02837430984033
15.25,0.770342542205371,95.89696169111741
15.255,0.7406789271548968,97.41116426439423
15.26,0.7250704456089376,99.96900281638678
15.265,0.7541147788076511,92.97585781068759
15.27,0.7243199467107629,93.3497956917673
15.275,0.6951187960989134,96.0665106902724
15.28,0.6922791350034374,95.70630687960599
15.285,0.6794134718673538,91.82000922503319
15.29,0.6814052830499151,95.16753515056826
15.295,0.6712806323495047,93.29335096311306
15.3,0.6674932983518427,94.1427703038438
15.305,0.6708063128895079,94.8264287819957
15.31,0.6661210912200011,93.95577449785034
15.315,0.6648602767877634,89.37684122584947
15.32,0.6526926246065035,92.1327188617389
15.325,0.6414401094393826,92.6956602101566
15.33,0.637706668868027,92.08158629573342
15.335,0.6293267583028574,89.18020260439708
15.34,0.6251285934699571,88.16531085058205
15.345,0.6079603238099259,87.95430470158429
15.35,0.5898351303093585,88.97106988693115
15.355,0.5968879711854099,87.32033795878405
15.36,0.5900323738301418,89.38133133032764
15.365,0.561486452659737,90.13985834020602
15.37,0.5693902326281399,89.82500811817982
15.375,0.5388395250067987,88.63204844023393
15.38,0.5037909767564523,89.45611369046088
15.385,0.512627762655667,88.3033732182778
15.39,0.506969610947831,89.032355040878
15.395,0.5001716790691464,87.85678446836708
15.4,0.5009776712763669,86.28796475580909
15.405,0.47134092155773644,84.62269636795978
15.41,0.44678793221153423,85.52724291148203
15.415,0.43209982514736556,86.75820825973452
15.42,0.4240004359789544,87.06315646888042
15.425,0.40867204996109063,84.76954200316597
15.43,0.40981344989927837,85.18508439991257
15.435,0.36764395744597,86.87622667139861
15.44,0.3198188236926759,85.49603178271708
15.445,0.3349149293656314,85.97648473506715
15.45,0.31608247106711695,86.46362268272182
15.455,0.3211092461373438,85.84209022949236
15.46,0.3250671521708004,84.57595803573896
15.465,0.2810791824381902,84.11022755889627
15.47,0.2768198311523321,85.9019544607484
15.475,0.2899477889223394,86.43115644996618
15.48,0.21821509129791328,88.600195013893
15.485,0.2292207123115254,88.92125278152905
15.49,0.2379215631389887,87.67947475238246
15.495,0.22384858728725487,89.46522503685419
15.5,0.23407501764888916,91.23070998306059
15.505,0.21303635363591866,89.37937756490761
15.51,0.21182660500116446,91.24366062227762
15.515,0.2369536178151711,92.69121917204042
15.52,0.21875634225863905,95.01035509632155
15.525,0.2553736953485798,96.35061842626193
15.53,0.2830227808844332,94.88281540133447
15.535,0.27140341112203914,93.79713102005414
15.54,0.26179034255613987,93.33654544033351
15.545,0.2685964529631102,91.82700197626795
15.55,0.24448513119761583,88.91611370158807
15.555,0.24369401250802714,87.03003256589487
15.56,0.22594241764054146,84.7580471574894
15.565,0.2001514530197801,83.09076284484748
15.57,0.21423828627875618,83.33084881886917
15.575,0.16755243359605965,81.74856189661479
15.58,0.18253538006686898,80.54730502765592
15.585,0.1917026775720061,80.12627371707322
15.59,0.17148272700990363,79.41183287529887
15.595,0.158194431218885,78.10195802275747
15.6,0.13975383276539255,76.4407987350303
15.605,0.08418301302070108,74.85096337779876
15.61,0.009674548242516678,73.46086570098622
15.615,0.028638528680559938,72.29175763579698
15.62,0.03157489988246309,71.90218319838311
15.625,0.04085994352415523,71.40629260900178
15.63,0.0659326042029591,70.60282976428752
15.635,0.07290475797932261,69.90476237211399
15.64,0.038625580667166926,69.48281155740757
15.645,0.011882281395226513,68.6139667489112
15.65,0.0254242699475854,68.3600992578034
15.655,-0.03923343499062559,70.50898950679968
15.66,-0.04689321172104588,67.91841875289819
15.665,-0.02375563668530911,67.90577280765841
15.67,-0.016238677308539007,67.69637712884544
15.675,-0.014921831338060132,66.64414796313811
15.68,-0.03126716537023522,66.6250982119394
15.685,-0.03747421365668879,66.60682921040294
15.69,-0.046997135193988626,66.82702779477015
15.695,-0.03231623145481599,66.2065039941571
15.7,-0.012871628340755059,66.04097661366053
15.705,-0.038426141126805646,65.78109894806862
15.71,-0.07967721201700484,67.7929793284452
15.715,0.010445034309771395,64.51863242852284
15.72,0.025939301971535378,64.86680677229081
15.725,0.020460797423609067,65.07856362277208
15.73,0.029543473342080073,64.93874663922092
15.735,-0.013426781220145845,67.7657572474923
15.74,0.05044495299287188,63.6511299465589
15.745,0.05067992765211626,64.01009362004476
15.75,-0.019699271507850113,65.30175018106571
15.755,-0.01702331464778628,65.03502648839151
15.76,0.008834626628632214,64.34063274695612
15.765,0.009136676259103083,62.968544792078816
15.77,0.01148349718726116,62.06432199422726
15.775,0.08977314752697518,61.45760111258408
15.78,0.10233185287973212,60.75564829437225
15.785,0.0473865882162805,63.50913390555696
15.79,0.03714231665263834,61.815771604633944
15.795,0.0390470806996811,61.84991860555538
15.8,0.04496812859018151,63.10559007260435
15.805,0.034928869131657825,62.95164370178535
15.81,0.021369155580719057,62.46880592838006
15.815,0.020928999358481692,62.21939286591712
15.82,0.025281518079489307,62.02165226935289
15.825,0.026156543513489505,61.7946264353946
15.83,0.07341563693108588,59.12553104205376
15.835,0.10291698484386302,58.68081821920666
15.84,0.12240030031493243,58.092245438256036
15.845,0.13050003938928023,58.272991024717264
15.85,0.13798415472726777,58.29747097167629
15.855,0.1456927857155057,57.83569391135637
15.86,0.1409437965877759,57.88086443080132
15.865,0.1322188685722866,57.73295039284933
15.87,0.12387860767718961,57.33450753781623
15.875,0.1107389066654727,55.77120934244167
15.88,0.12209970575317541,54.66226999194513
15.885,0.13002497002233104,54.30719938299615
15.89,0.11790371767150942,53.85223155295152
15.895,0.11557643320369282,53.510641507342946
15.9,0.10342632333108293,53.365029405173175
15.905,0.1205220022199408,53.07514656185656
15.91,0.16197366811542346,52.51510527755937
15.915,0.1324965424547938,52.6122426886773
15.92,0.12142497773553207,52.047574409873434
15.925,0.14916018710013457,50.85502227997537
15.93,0.15226833394920392,49.543388668083566
15.935,0.1575309755028914,48.77541705210932
15.94,0.16211457378789607,49.37125236227507
15.945,0.16968686817668088,49.92895869924675
15.95,0.1789959772020473,48.97688041837747
15.955,0.1449344793608489,48.81882751464545
15.96,0.10461810829868834,47.98925258645657
15.965,0.10423824552974126,47.517850058666845
15.97,0.09925051451323008,49.23421339195806
15.975,0.09359140450711811,48.97214176528073
15.98,0.10414338526438538,48.977203940342
15.985,0.1118691163386959,49.01120945672819
15.99,0.12068871060982334,48.99947025442387
15.995,0.10837940441443294,49.46476376380717
16.0,0.08985795412757425,50.167677423367
16.005,0.10660620511299623,50.64637496665378
16.01,0.09987197771462819,50.16307317567865
16.015,0.07420085465044457,49.51534556273406
16.02,-0.01192375066763618,52.01604677304574
16.025,-0.03564791795328648,51.61001108681484
16.03,-0.03579257005488534,52.033310853680085
16.035,-0.0104051153749678,53.10181742890419
16.04,0.006808126615019727,54.81705970110583
16.045,0.05846143203648835,54.7861351209396
16.05,0.12475811677469184,52.235455900469475
16.055,-0.013222832429170328,56.16577909927777
16.06,-0.031318181089684316,55.28061903067046
16.065,-0.022795819269153306,55.718016496384266
16.07,-0.013266516153771502,52.20759678251714
16.075,-0.002178159589920403,51.63741003953756
16.08,0.00768771362177656,52.81435045367266
16.085,-3.1527531940689357e-07,53.25515932811296
16.09,-0.009298991466086592,51.99189366715223
16.095,-0.037198623478078785,51.6993122604923
16.1,-0.02356174986798898,52.591298954643605
16.105,-0.0030127302026616842,52.96358966039939
16.11,0.004650401684065497,52.29434085671701
16.115,-0.004650896910012081,52.433563149772766
16.12,-0.004429272714582488,52.88268150053462
16.125,-0.018732243989118214,53.56467983285021
16.13,-0.030044295047851666,52.84663548723059
16.135,-0.03156088343478802,53.3916775954053
16.14,-0.03838666495308396,53.30942458794621
16.145,-0.029718729574376823,53.160658233471196
16.15,-0.020101080168584806,53.49511509898467
16.155,-0.0340508729935205,54.20069789806398
16.16,-0.03985259452125578,54.88738323881036
16.165,-0.02653371701243379,54.8113326425109
16.17,-0.026437703047267336,55.331768819832426
16.175,-0.0398473722511663,56.00083331990301
16.18,-0.04886434726650202,56.73170456484274
16.185,-0.05563805811505951,58.16197366251735
16.19,-0.05987073665067011,58.041304018782384
16.195,-0.058376034731308035,59.596502339193954
16.2,-0.06568590541391894,60.05446748534703
16.205,-0.05925710909755488,60.6359055871356
16.21,-0.05550052521657145,62.08439808020653
16.215,-0.05786043271035801,62.389826952137426
16.22,-0.06284141538974919,63.42884614539986
16.225,-0.0645105745578165,63.02197793397439
16.23,-0.04693491778612513,63.11560198460753
16.235,-0.0654249897438981,64.06626931798304
16.24,-0.05627228099662962,64.62258071988835
16.245,-0.06284073184730476,64.70752189755297
16.25,-0.07069837340728036,65.59036636659178
16.255,-0.05547855059939155,66.45294126838644
16.26,-0.0553950955222533,66.56122314168363
16.265,-0.05943462329138338,67.47393805900411
16.27,-0.07738483635670668,68.3262121806225
16.275,-0.07661131879674854,68.46660270299178
16.28,-0.08019039466805955,68.53639967235576
16.285,-0.08037869144920307,69.4543901549683
16.29,-0.08406910597805028,69.13858016984358
16.295,-0.081711857970858,69.82174303383837
16.3,-0.07825035442775219,70.32582738661074
16.305,-0.07702173252752353,70.39371044608001
16.31,-0.04758244295820879,71.34634471104503
16.315,-0.08806729914143885,70.8748141108397
16.32,-0.06556526373005211,71.20399673992391
16.325,-0.044905716555729835,72.23413088589231
16.33,-0.09370660392171648,74.15684696335296
16.335,-0.09871151016990809,73.24171795212376
16.34,-0.09024612182769998,72.26432302610021
16.345,-0.07950812788026829,72.99545279485942
16.35,-0.1175204567380308,74.20645221140919
16.355,-0.10301906924345161,69.43065636419482
16.36,-0.03274543307328459,72.04215282790449
16.365,-0.10050801474818849,71.23442489350744
16.37,-0.07393757223967956,70.43529426779864
16.375,-0.04507364870856212,73.52699006377479
16.38,-0.03800459123880362,72.63049235968215
16.385,-0.01715124438547866,74.50697514952432
16.39,0.012202075563883863,72.1472523425608
16.395,0.036748616037874826,71.12123772264837
16.4,-0.0014302510719148565,76.82631215992576
16.405,0.02400000385291312,75.00947526450668
16.41,0.045770505605875145,76.29300139839812
16.415,0.04037192053382377,79.42668108501569
16.42,0.0281328786629631,81.636523385143
16.425,0.046702373993143476,79.67864642492283
16.43,-0.01247238705976117,80.20321381976909
16.435,-0.002104232927512495,82.28032080169481
16.44,0.012794414024677181,82.27207618005058
16.445,0.03786810380313799,83.80363811085954
16.45,0.013899661905102612,84.84820128681011
16.455,0.00038421398936094864,84.78619179507231
16.46,0.001402760668074321,87.19651958095388
16.465,-0.008652425554124266,85.5490269832803
16.47,-0.02288900973647423,87.26353982682555
16.475,-0.03609192058112076,88.63305511069193
16.48,-0.040600659333639655,89.62615050482769
16.485,0.0023318123838611537,89.15019806631175
16.49,-0.05418984491332135,91.50580283179498
16.495,-0.03867360468181524,90.38804971600146
16.5,-0.05832512688400393,94.4781028642972
16.505,-0.044055073397420985,92.16151976034054
16.51,-0.0535418188254464,93.44136425371724
16.515,-0.08198756243076288,97.802157785172
16.52,-0.04876139555404668,95.63051151621568
16.525,-0.0856812683571051,100.7600047519295
16.53,-0.09104033348298946,100.79286967719096
16.535,-0.08393076712351544,106.82723486378556
16.54,-0.029676365795524795,105.0549644319399
16.545,-0.021446506079868533,105.66432440816375
16.55,-0.05600912994549856,110.42375381043662
16.555,-0.03670279885940908,111.65281625803301
16.56,-0.009681633611649865,115.36716191819714
16.565,-0.03750363237491672,117.49783377075197
16.57,-0.005130524347972454,116.96137869491085
16.575,0.0022287289189331094,118.41411966688193
16.58,-0.022118638367070176,115.87977558697706
16.585,0.08449757637625865,111.05704566777973
16.59,0.10796293582858763,115.73726909236123
16.595,0.14123267441736354,112.6921141385616
16.6,0.17985033094971814,111.11472683700858
16.605,0.18380950851818856,111.6055646827117
16.61,0.26741429947509987,116.2796911120448
16.615,0.29016403516001543,116.16637166952023
16.62,0.24481844906093653,118.04782135544512
16.625,0.3185358203657783,118.45878388196982
16.63,0.323305564872882,122.05161476608966
16.635,0.31865073817764755,120.12914559062342
16.64,0.20568395130297645,125.47227425365423
16.645,0.16220722067114568,126.31939108540983
16.65,0.1101249195960674,128.21288410068044
16.655,0.1525841965410102,132.47629089649226
16.66,0.11363525404310815,134.74184005490014
16.665,0.18918301286464945,130.66696186903823
16.67,0.13228354453470093,132.1046819449374
16.675,0.18365068757871605,129.85073405732476
16.68,0.1398731287396484,132.06734685242094
16.685,0.153934317394411,126.99808816399162
16.69,0.21351703851106907,122.46771789852426
16.695,0.17023957131930478,116.83773010226001
16.7,0.15114337152828283,113.09144916356875
16.705,0.18113194955350087,108.63720788117598
16.71,0.1782762487038737,106.86330362196742
16.715,0.17214597246119512,106.24857017971469
16.72,0.14691902011637492,107.21636298102364
16.725,0.14655499390833948,104.30115922297257
16.73,0.15293597145201054,101.51367040786364
16.735,0.216140526388643,99.09686593105965
16.74,0.16812884894651958,97.5010211507767
16.745,0.12186153194892224,97.38818997407358
16.75,0.17096089893304212,91.7922076764518
16.755,0.22894743890235225,82.49435012844937
16.76,0.22002040264881673,82.4319459696379
16.765,0.1971909204686827,81.74341867194964
16.77,0.27076977532883284,76.88816991443214
16.775,0.24400627371256145,76.8673721584576
16.78,0.23678104322586513,77.49821635316968
16.785,0.26612199853234986,74.16968090574186
16.79,0.3153702495518361,72.55197790321239
16.795,0.28926605774831204,75.15037161368883
16.8,0.29438090123034266,74.09075242006467
16.805,0.30892896648828283,71.04799023199195
16.81,0.30551258186886177,71.36087356244468
16.815,0.2911406239828441,71.26788419864769
16.82,0.30336321034814673,70.07969205181027
16.825,0.2773731227333951,71.10366036385658
16.83,0.24931040727363107,71.86681636328927
16.835,0.240168855955342,72.83095628961642
16.84,0.2537875389367301,70.34049861427745
16.845,0.289258953656402,69.60538681026152
16.85,0.22315678880630485,71.73949671500559
16.855,0.19587666161610995,72.17810524529293
16.86,0.22929977083567243,71.38722057792893
16.865,0.19718344791167475,72.5899131600034
16.87,0.18384903184844792,72.1862738249437
16.875,0.22683411673915854,71.07743347260254
16.88,0.21146208721380855,72.51484499114812
16.885,0.20530303225731827,72.50943902625153
16.89,0.23217138725430975,71.71378311013761
16.895,0.22791713649777767,68.80576093121188
16.9,0.2012862988417845,69.05361540420441
16.905,0.2312145282217798,67.5123585019265
16.91,0.20292509824738802,67.46149068167229
16.915,0.199222351750166,67.64416173634336
16.92,0.17253529682853486,68.12646347945683
16.925,0.14213740941652508,67.58465753221083
16.93,0.1281730042839231,68.06023800148967
16.935,0.14797977745573032,65.64545082316737
16.94,0.15509372260410004,66.90438219620415
16.945,0.16101050951110918,65.96513995571327
16.95,0.17461614107696077,66.08176044769577
16.955,0.12223420178804212,67.3744956111785
16.96,0.11362091855236223,64.70627231466504
16.965,0.11766632179712322,65.35130771582769
16.97,0.16430428384565843,61.60378982851052
16.975,0.1341260532298516,62.92937382341939
16.98,0.0982443687879152,61.512553787707915
16.985,0.0991286624132719,61.608449039302705
16.99,0.14345517054749068,60.56456806576458
16.995,0.15141782470352494,59.91998582152147
17.0,0.056376313929807575,61.9720260750926
17.005,0.10718709156218531,62.6158124985859
17.01,0.09924160614413458,60.344023371626626
17.015,0.0717976075656025,60.981870154289
17.02,0.1325741604955395,61.339919762681866
17.025,0.08927614043771548,61.51945136370971
17.03,0.09640336622858803,62.0590274515052
17.035,0.14983348573128785,61.33612184330504
17.04,0.13518264776923383,62.39669171763955
17.045,0.1550480076865388,63.0799277114376
17.05,0.1352931448944965,61.95012994631958
17.055,0.1571768115369706,60.146196711002375
17.06,0.17754464307061968,59.54582511731073
17.065,0.16412004313120176,59.297931361099735
17.07,0.16961008319360482,60.02768962942561
17.075,0.19540728841234656,58.89409785063855
17.08,0.15810904798430736,60.57110232247827
17.085,0.2041419077695934,59.23940105626295
17.09,0.22590507047345187,59.120463967752364
17.095,0.2801793302751765,58.15745671211178
17.1,0.2219847823709804,60.486470656631965
17.105,0.24291047600651017,61.329137925478044
17.11,0.27037388323981426,59.99155889114443
17.115,0.24443300817164682,62.697100406116114
17.12,0.2540223721528272,60.8181088596349
17.125,0.22037535659656848,62.73579434762273
17.13,0.30147916095775773,61.39205433010963
17.135,0.27313390103978163,62.13588417492961
17.14,0.2979561252684495,62.18048513018515
17.145,0.30175289170621844,63.657306625618226
17.15,0.28842535378190426,65.0086251072885
17.155,0.2833567587595638,64.7901918334271
17.16,0.3135195302064089,64.58458794650622
17.165,0.32109775242576,67.05304749448715
17.17,0.26985168443724417,67.96667371732848
17.175,0.30863121144821737,66.66706844479172
17.18,0.2752940721216107,70.28944482705786
17.185,0.28325647379426866,69.91123749290902
17.19,0.2591649636124763,71.43653874074627
17.195,0.2912734670307128,73.17736709652218
17.2,0.3006074950457335,71.10966751794827
17.205,0.2908218882790756,73.57389343955157
17.21,0.2863159590062121,72.72504486360809
17.215,0.28778352612930624,75.11055466720482
17.22,0.28490709130589764,77.40358006518949
17.225,0.30062473041537907,80.2329013593435
17.23,0.29991230346208797,77.9279130611848
17.235,0.2993539292965327,81.95106203001355
17.24,0.2846546210476767,86.28157827723349
17.245,0.2885542974368266,87.97261189336568
17.25,0.2818884564266354,88.64583781396485
17.255,0.2824196944479337,89.25391809379725
17.26,0.2694977238141478,95.10501627923387
17.265,0.2480616945494697,96.71372489788912
17.27,0.23942784133273898,101.33726162081811
17.275,0.23151610829161873,102.03684076661618
17.28,0.22862067379292705,109.89833970331406
17.285,0.21918857074893894,109.03687174228725
17.29,0.20917271282692995,115.77232774931781
17.295,0.22142259890226212,116.58865683606656
17.3,0.23498528360919757,114.9206870496091
17.305,0.2172926774680125,118.69701582304683
17.31,0.19066195430799793,123.56277612177347
17.315,0.21392660105260175,123.35842072692758
17.32,0.21894634497979093,122.10366190872439
17.325,0.2112889666772042,121.06842782088704
17.33,0.19661076371193142,125.02455278128282
17.335,0.2392823161781078,120.68142980583906
17.34,0.23141866532669397,125.53446407101784
17.345,0.25376612250460784,126.20622821271101
17.35,0.2734379605005681,123.5518808548021
17.355,0.32088134873335517,121.57325422653388
17.36,0.3062334935797413,126.33757572996578
17.365,0.3500606601428091,121.60291940864326
17.37,0.3295627742843378,124.94804465680153
17.375,0.340396314904612,124.40342458316532
17.38,0.3957271474959074,125.11953247134892
17.385,0.41343800319258617,122.65747585431893
17.39,0.4361938732656093,123.57149914722467
17.395,0.449258248999587,117.67463224090379
17.4,0.4697345515092597,119.026451415929
17.405,0.5282978432834111,118.46532832373094
17.41,0.5090074506063971,121.26389442828197
17.415,0.5191412397413319,117.61151035564988
17.42,0.5792308701377945,116.86932056675269
17.425,0.5509437993809445,120.71740541125719
17.43,0.5807198148310623,118.61788756564157
17.435,0.5898172871379066,119.28067050685183
17.44,0.5846468577659739,118.67391268234648
17.445,0.5894073546619837,121.91816862653101
17.45,0.5940898760613735,118.92000046223696
17.455,0.6250321030457429,120.28623332536857
17.46,0.6292944380343637,121.1366656073825
17.465,0.6234473271549827,120.27646892058341
17.47,0.6254487312551748,124.29683627538274
17.475,0.6191366248546826,126.31051172694053
17.48,0.6252584043179491,128.214740300482
17.485,0.6534980559631156,130.3814479667811
17.49,0.6278821745938442,132.61476150596175
17.495,0.6418135750334863,132.6712639576928
17.5,0.6378775145394561,138.89323157634513
17.505,0.6419303578234987,137.54013273819461
17.51,0.6322242637736749,141.3537328754804
17.515,0.6392137231891317,143.8815645747779
17.52,0.6419889739649127,148.3104737454086
